id,Make,Model,Year,Engine Fuel Type,Engine HP,Engine Cylinders,Transmission Type,Driven_Wheels,Number of Doors,Market Category,Vehicle Size,Vehicle Style,highway MPG,city mpg,Popularity,MSRP
car486,Toyota,4Runner,2014,regular unleaded,270.0,6.0,AUTOMATIC,four wheel drive,4.0,,Midsize,4dr SUV,22,17,2031,38645
car495,Toyota,4Runner,2015,regular unleaded,270.0,6.0,AUTOMATIC,four wheel drive,4.0,,Midsize,4dr SUV,21,17,2031,41310
car504,Toyota,4Runner,2016,regular unleaded,270.0,6.0,AUTOMATIC,rear wheel drive,4.0,,Midsize,4dr SUV,22,17,2031,34010
car799,Toyota,86,2017,premium unleaded (recommended),200.0,4.0,AUTOMATIC,rear wheel drive,2.0,Performance,Compact,Coupe,32,24,2031,26975
car1028,Audi,A3,2015,premium unleaded (recommended),170.0,4.0,AUTOMATED_MANUAL,front wheel drive,4.0,Luxury,Compact,Sedan,33,23,3105,32450
car1048,Audi,A3,2016,diesel,150.0,4.0,AUTOMATED_MANUAL,front wheel drive,4.0,"Diesel,Luxury",Compact,Sedan,43,31,3105,42050
car1060,Audi,A3,2017,premium unleaded (recommended),220.0,4.0,AUTOMATED_MANUAL,all wheel drive,4.0,Luxury,Compact,Sedan,35,26,3105,34200
car1072,Audi,A4,2015,premium unleaded (required),220.0,4.0,AUTOMATIC,all wheel drive,4.0,Luxury,Midsize,Sedan,31,22,3105,37600
car1078,Audi,A4,2016,premium unleaded (required),220.0,4.0,MANUAL,all wheel drive,4.0,Luxury,Midsize,Sedan,32,22,3105,39100
car1088,Audi,A4,2017,premium unleaded (recommended),252.0,4.0,AUTOMATED_MANUAL,all wheel drive,4.0,"Luxury,Performance",Midsize,Sedan,31,24,3105,42350
car1094,Audi,A5,2016,premium unleaded (required),220.0,4.0,MANUAL,all wheel drive,2.0,Luxury,Midsize,Coupe,32,22,3105,42800
car1097,Audi,A5,2017,flex-fuel (premium unleaded recommended/E85),220.0,4.0,AUTOMATIC,all wheel drive,2.0,"Flex Fuel,Luxury",Midsize,Coupe,22,15,3105,42200
car1105,Audi,A6,2015,diesel,240.0,6.0,AUTOMATIC,all wheel drive,4.0,"Diesel,Luxury",Midsize,Sedan,38,24,3105,62500
car1113,Audi,A6,2016,premium unleaded (recommended),252.0,4.0,AUTOMATIC,all wheel drive,4.0,Luxury,Midsize,Sedan,32,22,3105,48400
car1120,Audi,A6,2017,premium unleaded (recommended),252.0,4.0,AUTOMATED_MANUAL,front wheel drive,4.0,Luxury,Midsize,Sedan,34,24,3105,47600
car1124,Audi,A7,2015,diesel,240.0,6.0,AUTOMATIC,all wheel drive,4.0,"Diesel,Luxury",Large,Sedan,38,24,3105,72150
car1128,Audi,A7,2016,premium unleaded (required),333.0,6.0,AUTOMATIC,all wheel drive,4.0,"Luxury,Performance",Large,Sedan,30,20,3105,70950
car1134,Audi,A8,2016,premium unleaded (required),333.0,6.0,AUTOMATIC,all wheel drive,4.0,"Luxury,Performance",Large,Sedan,28,18,3105,81500
car1136,Audi,A8,2017,premium unleaded (required),333.0,6.0,AUTOMATIC,all wheel drive,4.0,"Luxury,Performance",Large,Sedan,29,19,3105,82500
car1148,GMC,Acadia,2015,regular unleaded,281.0,6.0,AUTOMATIC,front wheel drive,4.0,Crossover,Midsize,4dr SUV,24,17,549,36555
car1159,GMC,Acadia,2016,regular unleaded,281.0,6.0,AUTOMATIC,all wheel drive,4.0,Crossover,Midsize,4dr SUV,22,15,549,43020
car1170,GMC,Acadia,2017,regular unleaded,310.0,6.0,AUTOMATIC,front wheel drive,4.0,Crossover,Midsize,4dr SUV,25,18,549,41750
car1232,Honda,Accord,2015,regular unleaded,185.0,4.0,AUTOMATIC,front wheel drive,4.0,,Midsize,Sedan,36,27,2202,22905
car1258,Honda,Accord,2016,regular unleaded,185.0,4.0,AUTOMATIC,front wheel drive,4.0,,Midsize,Sedan,37,27,2202,30670
car1286,Honda,Accord,2017,regular unleaded,185.0,4.0,AUTOMATIC,front wheel drive,2.0,,Midsize,Coupe,34,26,2202,24875
car1380,Audi,allroad,2014,premium unleaded (recommended),220.0,4.0,AUTOMATIC,all wheel drive,4.0,Luxury,Midsize,Wagon,27,20,3105,49200
car1398,BMW,Alpina,2003,premium unleaded (required),375.0,8.0,AUTOMATIC,rear wheel drive,2.0,"Exotic,Factory Tuner,Luxury,High-Performance",Compact,Convertible,19,13,3916,136900
car1599,Toyota,Avalon,2015,regular unleaded,268.0,6.0,AUTOMATIC,front wheel drive,4.0,,Midsize,Sedan,31,21,2031,34140
car1604,Toyota,Avalon,2016,regular unleaded,268.0,6.0,AUTOMATIC,front wheel drive,4.0,,Midsize,Sedan,31,21,2031,34400
car1609,Toyota,Avalon,2017,regular unleaded,268.0,6.0,AUTOMATIC,front wheel drive,4.0,,Midsize,Sedan,30,21,2031,35000
car1929,Volkswagen,Beetle,2015,regular unleaded,170.0,4.0,AUTOMATIC,front wheel drive,2.0,Hatchback,Compact,2dr Hatchback,33,25,873,26985
car1948,Volkswagen,Beetle,2016,regular unleaded,170.0,4.0,AUTOMATIC,front wheel drive,2.0,Hatchback,Compact,2dr Hatchback,31,24,873,23995
car1955,Volkswagen,Beetle,2017,regular unleaded,170.0,4.0,AUTOMATIC,front wheel drive,2.0,Hatchback,Compact,2dr Hatchback,33,24,873,22450
car2120,Audi,Cabriolet,1997,regular unleaded,172.0,6.0,AUTOMATIC,front wheel drive,2.0,Luxury,Compact,Convertible,22,17,3105,2837
car2121,Audi,Cabriolet,1998,regular unleaded,172.0,6.0,AUTOMATIC,front wheel drive,2.0,Luxury,Compact,Convertible,22,17,3105,3137
car2129,Volkswagen,Cabrio,2000,regular unleaded,115.0,4.0,MANUAL,front wheel drive,2.0,,Compact,Convertible,28,21,873,2568
car2135,Volkswagen,Cabrio,2001,regular unleaded,115.0,4.0,MANUAL,front wheel drive,2.0,,Compact,Convertible,28,21,873,20600
car2141,Volkswagen,Cabrio,2002,regular unleaded,115.0,4.0,AUTOMATIC,front wheel drive,2.0,,Compact,Convertible,27,20,873,20475
car2249,Toyota,Camry,2015,regular unleaded,178.0,4.0,AUTOMATIC,front wheel drive,4.0,,Midsize,Sedan,35,25,2031,23840
car2256,Toyota,Camry,2016,regular unleaded,268.0,6.0,AUTOMATIC,front wheel drive,4.0,,Midsize,Sedan,31,21,2031,31370
car2262,Toyota,Camry,2017,regular unleaded,178.0,4.0,AUTOMATIC,front wheel drive,4.0,,Midsize,Sedan,33,24,2031,26310
car2276,GMC,Canyon,2012,regular unleaded,242.0,5.0,AUTOMATIC,rear wheel drive,4.0,,Compact,Crew Cab Pickup,23,17,549,26470
car2293,GMC,Canyon,2015,regular unleaded,305.0,6.0,AUTOMATIC,four wheel drive,4.0,,Compact,Crew Cab Pickup,24,17,549,34010
car2310,GMC,Canyon,2016,regular unleaded,200.0,4.0,AUTOMATIC,rear wheel drive,4.0,,Compact,Extended Cab Pickup,27,20,549,27305
car2403,Volkswagen,CC,2015,premium unleaded (recommended),200.0,4.0,MANUAL,front wheel drive,4.0,Performance,Midsize,Sedan,32,21,873,34275
car2418,Volkswagen,CC,2016,premium unleaded (recommended),200.0,4.0,AUTOMATED_MANUAL,front wheel drive,4.0,Performance,Midsize,Sedan,31,22,873,35755
car2424,Volkswagen,CC,2017,premium unleaded (recommended),200.0,4.0,AUTOMATED_MANUAL,front wheel drive,4.0,Performance,Midsize,Sedan,31,22,873,34475
car2430,Toyota,Celica,2003,regular unleaded,140.0,4.0,MANUAL,front wheel drive,2.0,Hatchback,Compact,2dr Hatchback,30,23,2031,17340
car2438,Toyota,Celica,2004,premium unleaded (required),180.0,4.0,MANUAL,front wheel drive,2.0,"Hatchback,Performance",Compact,2dr Hatchback,30,21,2031,24110
car2442,Toyota,Celica,2005,regular unleaded,140.0,4.0,AUTOMATIC,front wheel drive,2.0,Hatchback,Compact,2dr Hatchback,33,25,2031,18470
car2568,Honda,Civic,2015,regular unleaded,143.0,4.0,AUTOMATIC,front wheel drive,2.0,,Compact,Coupe,39,30,2202,19090
car2585,Honda,Civic,2016,regular unleaded,158.0,4.0,AUTOMATIC,front wheel drive,2.0,,Compact,Coupe,41,30,2202,19850
car2610,Honda,Civic,2017,regular unleaded,174.0,4.0,MANUAL,front wheel drive,2.0,Performance,Compact,Coupe,41,30,2202,21600
car2697,Acura,CL,2001,premium unleaded (required),225.0,6.0,AUTOMATIC,front wheel drive,2.0,Luxury,Midsize,Coupe,27,17,204,27980
car2699,Acura,CL,2002,premium unleaded (required),225.0,6.0,AUTOMATIC,front wheel drive,2.0,Luxury,Midsize,Coupe,27,17,204,30030
car2704,Acura,CL,2003,premium unleaded (required),260.0,6.0,MANUAL,front wheel drive,2.0,"Factory Tuner,Luxury,Performance",Midsize,Coupe,26,17,204,30550
car2896,Bentley,Continental,2003,premium unleaded (required),420.0,8.0,AUTOMATIC,rear wheel drive,2.0,"Exotic,Factory Tuner,Luxury,Performance",Large,Coupe,15,10,520,318990
car2935,Toyota,Corolla,2015,regular unleaded,132.0,4.0,AUTOMATIC,front wheel drive,4.0,,Compact,Sedan,38,29,2031,18565
car2948,Toyota,Corolla,2016,regular unleaded,132.0,4.0,AUTOMATIC,front wheel drive,4.0,,Compact,Sedan,37,29,2031,19365
car2957,Toyota,Corolla,2017,regular unleaded,132.0,4.0,AUTOMATIC,front wheel drive,4.0,,Compact,Sedan,35,28,2031,20445
car3046,Honda,CR-V,2014,regular unleaded,185.0,4.0,AUTOMATIC,front wheel drive,4.0,Crossover,Compact,4dr SUV,31,23,2202,27870
car3056,Honda,CR-V,2015,regular unleaded,185.0,4.0,AUTOMATIC,front wheel drive,4.0,Crossover,Compact,4dr SUV,34,27,2202,29645
car3068,Honda,CR-V,2016,regular unleaded,185.0,4.0,AUTOMATIC,all wheel drive,4.0,Crossover,Compact,4dr SUV,31,25,2202,29745
car3074,Honda,CR-Z,2014,regular unleaded,130.0,4.0,AUTOMATIC,front wheel drive,2.0,"Hatchback,Hybrid",Compact,2dr Hatchback,39,36,2202,23990
car3080,Honda,CR-Z,2015,regular unleaded,130.0,4.0,AUTOMATIC,front wheel drive,2.0,"Hatchback,Hybrid",Compact,2dr Hatchback,39,36,2202,22640
car3086,Honda,CR-Z,2016,regular unleaded,130.0,4.0,AUTOMATIC,front wheel drive,2.0,"Hatchback,Hybrid",Compact,2dr Hatchback,39,36,2202,20945
car3109,Honda,Crosstour,2013,regular unleaded,192.0,4.0,AUTOMATIC,front wheel drive,4.0,"Crossover,Hatchback",Midsize,4dr Hatchback,31,22,2202,30915
car3117,Honda,Crosstour,2014,regular unleaded,278.0,6.0,AUTOMATIC,front wheel drive,4.0,"Crossover,Hatchback",Midsize,4dr Hatchback,30,20,2202,31040
car3125,Honda,Crosstour,2015,regular unleaded,278.0,6.0,AUTOMATIC,front wheel drive,4.0,"Crossover,Hatchback",Midsize,4dr Hatchback,30,20,2202,33840
car3717,Volkswagen,e-Golf,2015,electric,115.0,,DIRECT_DRIVE,front wheel drive,4.0,Hatchback,Compact,4dr Hatchback,105,126,873,35445
car3719,Volkswagen,e-Golf,2016,electric,115.0,,DIRECT_DRIVE,front wheel drive,4.0,Hatchback,Compact,4dr Hatchback,105,126,873,35595
car3761,Toyota,ECHO,2003,regular unleaded,108.0,4.0,AUTOMATIC,front wheel drive,2.0,,Compact,Coupe,36,28,2031,11045
car3765,Toyota,ECHO,2004,regular unleaded,108.0,4.0,MANUAL,front wheel drive,2.0,,Compact,Coupe,38,30,2031,10355
car3769,Toyota,ECHO,2005,regular unleaded,108.0,4.0,MANUAL,front wheel drive,2.0,,Compact,Coupe,38,30,2031,10455
car3900,Honda,Element,2009,regular unleaded,166.0,4.0,AUTOMATIC,front wheel drive,4.0,Crossover,Compact,4dr SUV,25,20,2202,22385
car3907,Honda,Element,2010,regular unleaded,166.0,4.0,AUTOMATIC,front wheel drive,4.0,Crossover,Compact,4dr SUV,25,20,2202,24320
car3911,Honda,Element,2011,regular unleaded,166.0,4.0,AUTOMATIC,front wheel drive,4.0,Crossover,Compact,4dr SUV,25,20,2202,22935
car4011,GMC,Envoy,2007,regular unleaded,302.0,8.0,AUTOMATIC,four wheel drive,4.0,,Midsize,4dr SUV,19,13,549,37190
car4017,GMC,Envoy,2008,regular unleaded,285.0,6.0,AUTOMATIC,rear wheel drive,4.0,,Midsize,4dr SUV,20,14,549,31885
car4023,GMC,Envoy,2009,regular unleaded,285.0,6.0,AUTOMATIC,rear wheel drive,4.0,,Midsize,4dr SUV,20,14,549,33480
car4027,Volkswagen,Eos,2014,premium unleaded (recommended),200.0,4.0,AUTOMATED_MANUAL,front wheel drive,2.0,,Compact,Convertible,30,22,873,35595
car4030,Volkswagen,Eos,2015,premium unleaded (recommended),200.0,4.0,AUTOMATED_MANUAL,front wheel drive,2.0,,Compact,Convertible,30,22,873,36145
car4031,Volkswagen,Eos,2016,premium unleaded (recommended),200.0,4.0,AUTOMATED_MANUAL,front wheel drive,2.0,,Compact,Convertible,30,22,873,31995
car4252,Volkswagen,EuroVan,2001,premium unleaded (required),201.0,6.0,AUTOMATIC,front wheel drive,3.0,,Large,Passenger Minivan,18,15,873,26200
car4254,Volkswagen,EuroVan,2002,premium unleaded (recommended),201.0,6.0,AUTOMATIC,front wheel drive,3.0,,Large,Passenger Minivan,18,15,873,27700
car4256,Volkswagen,EuroVan,2003,premium unleaded (recommended),201.0,6.0,AUTOMATIC,front wheel drive,3.0,,Large,Passenger Minivan,18,15,873,27700
car4712,Honda,Fit,2015,regular unleaded,130.0,4.0,AUTOMATIC,front wheel drive,4.0,Hatchback,Compact,4dr Hatchback,38,32,2202,18360
car4718,Honda,Fit,2016,regular unleaded,130.0,4.0,MANUAL,front wheel drive,4.0,Hatchback,Compact,4dr Hatchback,37,29,2202,15890
car4724,Honda,Fit,2017,regular unleaded,130.0,4.0,AUTOMATIC,front wheel drive,4.0,Hatchback,Compact,4dr Hatchback,37,32,2202,18700
car5330,Volkswagen,GLI,2008,premium unleaded (required),200.0,4.0,AUTOMATED_MANUAL,front wheel drive,4.0,Performance,Compact,Sedan,29,22,873,25375
car5334,Volkswagen,GLI,2009,premium unleaded (recommended),200.0,4.0,AUTOMATED_MANUAL,front wheel drive,4.0,Performance,Compact,Sedan,29,22,873,25870
car5346,Volkswagen,GLI,2012,premium unleaded (recommended),200.0,4.0,MANUAL,front wheel drive,4.0,Performance,Midsize,Sedan,33,22,873,23745
car5456,Volkswagen,Golf,2015,regular unleaded,170.0,4.0,AUTOMATIC,front wheel drive,2.0,Hatchback,Compact,2dr Hatchback,36,25,873,20395
car5465,Volkswagen,Golf,2016,regular unleaded,170.0,4.0,AUTOMATIC,front wheel drive,4.0,Hatchback,Compact,4dr Hatchback,36,25,873,21275
car5469,Volkswagen,Golf,2017,regular unleaded,170.0,4.0,MANUAL,front wheel drive,4.0,Hatchback,Compact,4dr Hatchback,36,25,873,19895
car5635,Volkswagen,GTI,2012,premium unleaded (recommended),200.0,4.0,AUTOMATED_MANUAL,front wheel drive,4.0,"Hatchback,Performance",Compact,4dr Hatchback,33,24,873,27975
car5675,Volkswagen,GTI,2013,premium unleaded (recommended),200.0,4.0,MANUAL,front wheel drive,4.0,"Hatchback,Performance",Compact,4dr Hatchback,31,21,873,28795
car5679,Volkswagen,GTI,2014,premium unleaded (recommended),200.0,4.0,AUTOMATED_MANUAL,front wheel drive,4.0,"Hatchback,Performance",Compact,4dr Hatchback,33,24,873,30795
car5739,Toyota,Highlander,2015,regular unleaded,270.0,6.0,AUTOMATIC,front wheel drive,4.0,Crossover,Midsize,4dr SUV,25,19,2031,40190
car5750,Toyota,Highlander,2016,regular unleaded,270.0,6.0,AUTOMATIC,front wheel drive,4.0,Crossover,Midsize,4dr SUV,25,19,2031,37315
car5759,Honda,HR-V,2016,regular unleaded,141.0,4.0,MANUAL,front wheel drive,4.0,Crossover,Compact,4dr SUV,34,25,2202,21265
car5767,Honda,HR-V,2017,regular unleaded,141.0,4.0,MANUAL,front wheel drive,4.0,Crossover,Compact,4dr SUV,33,25,2202,21415
car5790,BMW,i3,2015,electric,170.0,0.0,DIRECT_DRIVE,rear wheel drive,4.0,"Hatchback,Luxury",Compact,4dr Hatchback,111,137,3916,42400
car5791,BMW,i3,2016,electric,170.0,0.0,DIRECT_DRIVE,rear wheel drive,4.0,"Hatchback,Luxury",Compact,4dr Hatchback,111,137,3916,42400
car5793,BMW,i3,2017,electric,170.0,0.0,DIRECT_DRIVE,rear wheel drive,4.0,"Hatchback,Luxury",Compact,4dr Hatchback,106,129,3916,43600
car5801,Acura,ILX,2015,premium unleaded (recommended),150.0,4.0,AUTOMATIC,front wheel drive,4.0,Luxury,Compact,Sedan,35,24,204,27050
car5807,Acura,ILX,2016,premium unleaded (recommended),201.0,4.0,AUTOMATED_MANUAL,front wheel drive,4.0,Luxury,Compact,Sedan,36,25,204,27900
car5813,Acura,ILX,2017,premium unleaded (recommended),201.0,4.0,AUTOMATED_MANUAL,front wheel drive,4.0,Luxury,Compact,Sedan,35,25,204,29990
car5905,Honda,Insight,2012,regular unleaded,98.0,4.0,AUTOMATIC,front wheel drive,4.0,"Hatchback,Hybrid",Compact,4dr Hatchback,44,41,2202,23690
car5913,Honda,Insight,2013,regular unleaded,98.0,4.0,AUTOMATIC,front wheel drive,4.0,"Hatchback,Hybrid",Compact,4dr Hatchback,44,41,2202,22065
car5923,Acura,Integra,1999,regular unleaded,140.0,4.0,MANUAL,front wheel drive,2.0,"Hatchback,Luxury",Compact,2dr Hatchback,29,22,204,2799
car5930,Acura,Integra,2000,regular unleaded,140.0,4.0,MANUAL,front wheel drive,2.0,"Hatchback,Luxury",Compact,2dr Hatchback,28,22,204,3086
car5941,Acura,Integra,2001,premium unleaded (required),170.0,4.0,MANUAL,front wheel drive,2.0,"Hatchback,Luxury,Performance",Compact,2dr Hatchback,28,22,204,22300
car6125,Volkswagen,Jetta,2015,regular unleaded,170.0,4.0,AUTOMATIC,front wheel drive,4.0,,Midsize,Sedan,37,25,873,21995
car6147,Volkswagen,Jetta,2016,regular unleaded,170.0,4.0,AUTOMATIC,front wheel drive,4.0,,Midsize,Sedan,36,25,873,25380
car6154,Volkswagen,Jetta,2017,premium unleaded (recommended),210.0,4.0,MANUAL,front wheel drive,4.0,"Factory Tuner,Performance",Midsize,Sedan,33,23,873,27895
car6164,GMC,Jimmy,1999,regular unleaded,190.0,6.0,MANUAL,rear wheel drive,2.0,,Compact,2dr SUV,21,15,549,2038
car6174,GMC,Jimmy,2000,regular unleaded,190.0,6.0,UNKNOWN,four wheel drive,2.0,,Compact,2dr SUV,18,14,549,2578
car6185,GMC,Jimmy,2001,regular unleaded,190.0,6.0,AUTOMATIC,rear wheel drive,4.0,,Midsize,4dr SUV,20,15,549,29925
car6581,BMW,M2,2016,premium unleaded (required),365.0,6.0,MANUAL,rear wheel drive,2.0,"Factory Tuner,Luxury,High-Performance",Compact,Coupe,26,18,3916,51700
car6582,BMW,M2,2017,premium unleaded (required),365.0,6.0,MANUAL,rear wheel drive,2.0,"Factory Tuner,Luxury,High-Performance",Compact,Coupe,26,18,3916,51700
car6596,BMW,M3,2015,premium unleaded (required),425.0,6.0,MANUAL,rear wheel drive,4.0,"Factory Tuner,Luxury,High-Performance",Midsize,Sedan,26,17,3916,62000
car6597,BMW,M3,2016,premium unleaded (required),425.0,6.0,MANUAL,rear wheel drive,4.0,"Factory Tuner,Luxury,High-Performance",Midsize,Sedan,26,17,3916,63500
car6598,BMW,M3,2017,premium unleaded (required),425.0,6.0,MANUAL,rear wheel drive,4.0,"Factory Tuner,Luxury,High-Performance",Midsize,Sedan,26,17,3916,64000
car6607,BMW,M4,2015,premium unleaded (required),425.0,6.0,MANUAL,rear wheel drive,2.0,"Factory Tuner,Luxury,High-Performance",Midsize,Convertible,26,17,3916,72500
car6609,BMW,M4,2016,premium unleaded (required),425.0,6.0,MANUAL,rear wheel drive,2.0,"Factory Tuner,Luxury,High-Performance",Midsize,Coupe,26,17,3916,65700
car6611,BMW,M4,2017,premium unleaded (required),425.0,6.0,MANUAL,rear wheel drive,2.0,"Factory Tuner,Luxury,High-Performance",Midsize,Coupe,26,17,3916,66200
car6614,BMW,M5,2014,premium unleaded (required),552.0,8.0,AUTOMATED_MANUAL,rear wheel drive,4.0,"Factory Tuner,Luxury,High-Performance",Large,Sedan,20,14,3916,92900
car6623,BMW,M6,2016,premium unleaded (required),552.0,8.0,AUTOMATED_MANUAL,rear wheel drive,2.0,"Factory Tuner,Luxury,High-Performance",Midsize,Coupe,20,14,3916,113400
car6716,Toyota,Matrix,2011,regular unleaded,132.0,4.0,MANUAL,front wheel drive,4.0,Hatchback,Compact,4dr Hatchback,32,26,2031,18845
car6721,Toyota,Matrix,2012,regular unleaded,158.0,4.0,MANUAL,front wheel drive,4.0,Hatchback,Compact,4dr Hatchback,28,21,2031,19565
car6726,Toyota,Matrix,2013,regular unleaded,132.0,4.0,MANUAL,front wheel drive,4.0,Hatchback,Compact,4dr Hatchback,32,26,2031,19275
car6754,BMW,M,2001,premium unleaded (required),315.0,6.0,MANUAL,rear wheel drive,2.0,"Factory Tuner,Luxury,High-Performance",Compact,Convertible,23,15,3916,45990
car6755,BMW,M,2002,premium unleaded (required),315.0,6.0,MANUAL,rear wheel drive,2.0,"Factory Tuner,Luxury,High-Performance",Compact,Coupe,25,17,3916,44990
car6757,BMW,M,2006,premium unleaded (required),330.0,6.0,MANUAL,rear wheel drive,2.0,"Factory Tuner,Luxury,High-Performance",Compact,Convertible,22,14,3916,51300
car6765,Acura,MDX,2015,premium unleaded (recommended),290.0,6.0,AUTOMATIC,front wheel drive,4.0,"Crossover,Luxury",Midsize,4dr SUV,28,20,204,54780
car6781,Acura,MDX,2016,premium unleaded (recommended),290.0,6.0,AUTOMATIC,all wheel drive,4.0,"Crossover,Luxury",Midsize,4dr SUV,26,19,204,57230
car6791,Acura,MDX,2017,premium unleaded (recommended),290.0,6.0,AUTOMATIC,front wheel drive,4.0,"Crossover,Luxury",Midsize,4dr SUV,27,20,204,54400
car7260,Acura,NSX,2004,regular unleaded,252.0,6.0,AUTOMATIC,rear wheel drive,2.0,"Exotic,Luxury,High-Performance",Compact,Coupe,22,16,204,89000
car7262,Acura,NSX,2005,regular unleaded,252.0,6.0,AUTOMATIC,rear wheel drive,2.0,"Exotic,Luxury,High-Performance",Compact,Coupe,22,16,204,89000
car7263,Acura,NSX,2017,premium unleaded (required),573.0,6.0,AUTOMATED_MANUAL,all wheel drive,2.0,"Exotic,Luxury,High-Performance,Hybrid",Compact,Coupe,22,21,204,156000
car7299,Honda,Odyssey,2015,regular unleaded,248.0,6.0,AUTOMATIC,front wheel drive,4.0,,Large,Passenger Minivan,28,19,2202,32275
car7307,Honda,Odyssey,2016,regular unleaded,248.0,6.0,AUTOMATIC,front wheel drive,4.0,,Large,Passenger Minivan,28,19,2202,33500
car7448,Toyota,Paseo,1997,regular unleaded,93.0,4.0,MANUAL,front wheel drive,2.0,,Compact,Convertible,32,25,2031,2178
car7471,Volkswagen,Passat,2015,regular unleaded,170.0,4.0,MANUAL,front wheel drive,4.0,,Midsize,Sedan,35,24,873,21340
car7486,Volkswagen,Passat,2016,regular unleaded,170.0,4.0,AUTOMATIC,front wheel drive,4.0,,Midsize,Sedan,38,25,873,30495
car7493,Volkswagen,Passat,2017,premium unleaded (required),280.0,6.0,AUTOMATED_MANUAL,front wheel drive,4.0,Performance,Midsize,Sedan,28,20,873,33995
car7497,Honda,Passport,2000,regular unleaded,205.0,6.0,MANUAL,four wheel drive,4.0,,Midsize,4dr SUV,18,15,2202,2668
car7505,Honda,Passport,2001,regular unleaded,205.0,6.0,MANUAL,four wheel drive,4.0,,Midsize,4dr SUV,19,15,2202,26150
car7513,Honda,Passport,2002,regular unleaded,205.0,6.0,AUTOMATIC,rear wheel drive,4.0,,Midsize,4dr SUV,20,15,2202,27100
car7544,Volkswagen,Phaeton,2004,premium unleaded (recommended),420.0,12.0,AUTOMATIC,all wheel drive,4.0,"Luxury,Performance",Large,Sedan,17,11,873,79900
car7548,Volkswagen,Phaeton,2005,premium unleaded (recommended),420.0,12.0,AUTOMATIC,all wheel drive,4.0,"Luxury,Performance",Large,Sedan,17,11,873,100800
car7552,Volkswagen,Phaeton,2006,premium unleaded (required),335.0,8.0,AUTOMATIC,all wheel drive,4.0,Luxury,Large,Sedan,21,14,873,74350
car7604,Honda,Pilot,2015,regular unleaded,250.0,6.0,AUTOMATIC,four wheel drive,4.0,Crossover,Midsize,4dr SUV,24,17,2202,38570
car7621,Honda,Pilot,2016,regular unleaded,280.0,6.0,AUTOMATIC,front wheel drive,4.0,Crossover,Midsize,4dr SUV,27,19,2202,37655
car7638,Honda,Pilot,2017,regular unleaded,280.0,6.0,AUTOMATIC,front wheel drive,4.0,Crossover,Midsize,4dr SUV,27,19,2202,37455
car7641,Honda,Prelude,1999,regular unleaded,200.0,4.0,MANUAL,front wheel drive,2.0,"Factory Tuner,Performance",Compact,Coupe,24,20,2202,3367
car7643,Honda,Prelude,2000,regular unleaded,200.0,4.0,MANUAL,front wheel drive,2.0,Performance,Compact,Coupe,25,20,2202,3407
car7646,Honda,Prelude,2001,premium unleaded (required),195.0,4.0,AUTOMATIC,front wheel drive,2.0,Performance,Compact,Coupe,24,19,2202,24600
car7662,Toyota,Previa,1997,regular unleaded,161.0,4.0,AUTOMATIC,rear wheel drive,3.0,,Compact,Passenger Minivan,20,16,2031,2580
car7696,Toyota,Prius,2015,regular unleaded,134.0,4.0,AUTOMATIC,front wheel drive,4.0,"Hatchback,Hybrid",Compact,4dr Hatchback,48,51,2031,23215
car7702,Toyota,Prius,2016,regular unleaded,121.0,4.0,AUTOMATIC,front wheel drive,4.0,"Hatchback,Hybrid",Compact,4dr Hatchback,50,54,2031,28100
car7708,Toyota,Prius,2017,regular unleaded,121.0,4.0,AUTOMATIC,front wheel drive,4.0,"Hatchback,Hybrid",Compact,4dr Hatchback,53,58,2031,25165
car7753,Audi,Q3,2015,premium unleaded (recommended),200.0,4.0,AUTOMATIC,all wheel drive,4.0,"Crossover,Luxury",Compact,4dr SUV,28,20,3105,34600
car7757,Audi,Q3,2016,premium unleaded (recommended),200.0,4.0,AUTOMATIC,all wheel drive,4.0,"Crossover,Luxury",Compact,4dr SUV,28,20,3105,35800
car7763,Audi,Q3,2017,premium unleaded (recommended),200.0,4.0,AUTOMATIC,front wheel drive,4.0,"Crossover,Luxury",Compact,4dr SUV,28,20,3105,39200
car7812,Audi,Q5,2015,premium unleaded (required),272.0,6.0,AUTOMATIC,all wheel drive,4.0,"Crossover,Luxury",Midsize,4dr SUV,26,18,3105,45400
car7821,Audi,Q5,2016,diesel,240.0,6.0,AUTOMATIC,all wheel drive,4.0,"Crossover,Luxury,Diesel",Midsize,4dr SUV,31,24,3105,55600
car7825,Audi,Q5,2017,flex-fuel (premium unleaded recommended/E85),220.0,4.0,AUTOMATIC,all wheel drive,4.0,"Crossover,Flex Fuel,Luxury",Midsize,4dr SUV,27,20,3105,43150
car7878,Audi,Q7,2014,diesel,240.0,6.0,AUTOMATIC,all wheel drive,4.0,"Crossover,Luxury,Diesel",Large,4dr SUV,28,19,3105,58900
car7884,Audi,Q7,2015,diesel,240.0,6.0,AUTOMATIC,all wheel drive,4.0,"Crossover,Luxury,Diesel",Large,4dr SUV,28,19,3105,65400
car7887,Audi,Q7,2017,premium unleaded (required),333.0,6.0,AUTOMATIC,all wheel drive,4.0,"Crossover,Luxury,Performance",Large,4dr SUV,25,19,3105,54800
car7966,Volkswagen,R32,2004,premium unleaded (recommended),240.0,6.0,MANUAL,all wheel drive,2.0,"Hatchback,Performance",Compact,2dr Hatchback,24,17,873,29100
car7967,Volkswagen,R32,2008,premium unleaded (required),250.0,6.0,AUTOMATED_MANUAL,all wheel drive,2.0,"Hatchback,Performance",Compact,2dr Hatchback,23,18,873,32990
car7977,Audi,R8,2014,premium unleaded (required),550.0,10.0,MANUAL,all wheel drive,2.0,"Luxury,High-Performance",Compact,Coupe,19,12,3105,170545
car7990,Audi,R8,2015,premium unleaded (required),550.0,10.0,MANUAL,all wheel drive,2.0,"Luxury,High-Performance",Compact,Coupe,19,12,3105,173500
car7992,Audi,R8,2017,premium unleaded (required),610.0,10.0,AUTOMATED_MANUAL,all wheel drive,2.0,"Luxury,High-Performance",Compact,Coupe,22,14,3105,189900
car8000,Volkswagen,Rabbit,2007,regular unleaded,150.0,5.0,MANUAL,front wheel drive,2.0,Hatchback,Compact,2dr Hatchback,28,19,873,14990
car8008,Volkswagen,Rabbit,2008,regular unleaded,170.0,5.0,AUTOMATIC,front wheel drive,2.0,Hatchback,Compact,2dr Hatchback,29,21,873,16675
car8014,Volkswagen,Rabbit,2009,regular unleaded,170.0,5.0,AUTOMATIC,front wheel drive,2.0,Hatchback,Compact,2dr Hatchback,29,20,873,17400
car8386,Toyota,RAV4,2015,regular unleaded,176.0,4.0,AUTOMATIC,all wheel drive,4.0,Crossover,Midsize,4dr SUV,29,22,2031,25080
car8394,Toyota,RAV4,2016,regular unleaded,176.0,4.0,AUTOMATIC,all wheel drive,4.0,Crossover,Midsize,4dr SUV,29,22,2031,27670
car8404,Toyota,RAV4,2017,regular unleaded,176.0,4.0,AUTOMATIC,all wheel drive,4.0,Crossover,Midsize,4dr SUV,28,22,2031,31385
car8421,Acura,RDX,2015,premium unleaded (recommended),273.0,6.0,AUTOMATIC,front wheel drive,4.0,"Crossover,Luxury",Midsize,4dr SUV,28,20,204,35095
car8431,Acura,RDX,2016,premium unleaded (recommended),279.0,6.0,AUTOMATIC,all wheel drive,4.0,"Crossover,Luxury",Midsize,4dr SUV,28,19,204,43520
car8441,Acura,RDX,2017,premium unleaded (recommended),279.0,6.0,AUTOMATIC,front wheel drive,4.0,"Crossover,Luxury",Midsize,4dr SUV,28,20,204,35570
car8491,Honda,Ridgeline,2013,regular unleaded,250.0,6.0,AUTOMATIC,four wheel drive,4.0,,Large,Crew Cab Pickup,21,15,2202,29450
car8497,Honda,Ridgeline,2014,regular unleaded,250.0,6.0,AUTOMATIC,four wheel drive,4.0,,Large,Crew Cab Pickup,21,15,2202,32380
car8509,Honda,Ridgeline,2017,regular unleaded,280.0,6.0,AUTOMATIC,all wheel drive,4.0,,Large,Crew Cab Pickup,25,18,2202,34815
car8538,Acura,RL,2010,premium unleaded (required),300.0,6.0,AUTOMATIC,all wheel drive,4.0,"Luxury,Performance",Midsize,Sedan,22,16,204,46830
car8542,Acura,RL,2011,premium unleaded (required),300.0,6.0,AUTOMATIC,all wheel drive,4.0,"Luxury,Performance",Midsize,Sedan,24,17,204,47200
car8546,Acura,RL,2012,premium unleaded (required),300.0,6.0,AUTOMATIC,all wheel drive,4.0,"Luxury,Performance",Midsize,Sedan,24,17,204,52350
car8551,Acura,RLX,2015,premium unleaded (recommended),310.0,6.0,AUTOMATIC,front wheel drive,4.0,"Luxury,Performance",Midsize,Sedan,31,20,204,56950
car8556,Acura,RLX,2016,premium unleaded (recommended),310.0,6.0,AUTOMATIC,front wheel drive,4.0,"Luxury,Performance",Midsize,Sedan,31,20,204,50950
car8558,Acura,RLX,2017,premium unleaded (recommended),310.0,6.0,AUTOMATIC,front wheel drive,4.0,"Luxury,Performance",Midsize,Sedan,30,20,204,60450
car8616,Volkswagen,Routan,2010,regular unleaded,251.0,6.0,AUTOMATIC,front wheel drive,4.0,,Midsize,Passenger Minivan,25,17,873,36600
car8623,Volkswagen,Routan,2011,regular unleaded,283.0,6.0,AUTOMATIC,front wheel drive,4.0,,Midsize,Passenger Minivan,25,17,873,31770
car8630,Volkswagen,Routan,2012,flex-fuel (unleaded/E85),283.0,6.0,AUTOMATIC,front wheel drive,4.0,Flex Fuel,Midsize,Passenger Minivan,25,17,873,27020
car8648,Acura,RSX,2004,premium unleaded (required),200.0,4.0,MANUAL,front wheel drive,2.0,"Hatchback,Factory Tuner,Luxury,Performance",Compact,2dr Hatchback,28,21,204,23320
car8653,Acura,RSX,2005,premium unleaded (required),210.0,4.0,MANUAL,front wheel drive,2.0,"Hatchback,Factory Tuner,Luxury,Performance",Compact,2dr Hatchback,28,20,204,23670
car8658,Acura,RSX,2006,regular unleaded,155.0,4.0,AUTOMATIC,front wheel drive,2.0,"Hatchback,Luxury",Compact,2dr Hatchback,31,22,204,22375
car8845,Honda,S2000,2008,premium unleaded (required),237.0,4.0,MANUAL,rear wheel drive,2.0,Performance,Compact,Convertible,25,18,2202,34300
car8850,Audi,S3,2015,premium unleaded (required),292.0,4.0,AUTOMATED_MANUAL,all wheel drive,4.0,"Factory Tuner,Luxury,High-Performance",Compact,Sedan,31,23,3105,47000
car8852,Audi,S3,2016,premium unleaded (required),292.0,4.0,AUTOMATED_MANUAL,all wheel drive,4.0,"Factory Tuner,Luxury,High-Performance",Compact,Sedan,31,23,3105,48650
car8854,Audi,S3,2017,premium unleaded (required),292.0,4.0,AUTOMATED_MANUAL,all wheel drive,4.0,"Factory Tuner,Luxury,High-Performance",Compact,Sedan,28,21,3105,42900
car8866,Audi,S4,2014,premium unleaded (required),333.0,6.0,AUTOMATED_MANUAL,all wheel drive,4.0,"Factory Tuner,Luxury,High-Performance",Midsize,Sedan,28,18,3105,55400
car8870,Audi,S4,2015,premium unleaded (required),333.0,6.0,AUTOMATED_MANUAL,all wheel drive,4.0,"Factory Tuner,Luxury,High-Performance",Midsize,Sedan,28,18,3105,49800
car8874,Audi,S4,2016,premium unleaded (required),333.0,6.0,MANUAL,all wheel drive,4.0,"Factory Tuner,Luxury,High-Performance",Midsize,Sedan,26,17,3105,49200
car8880,Audi,S5,2016,premium unleaded (required),333.0,6.0,MANUAL,all wheel drive,2.0,"Factory Tuner,Luxury,High-Performance",Midsize,Coupe,26,17,3105,53100
car8915,Audi,S6,2016,premium unleaded (required),450.0,8.0,AUTOMATED_MANUAL,all wheel drive,4.0,"Factory Tuner,Luxury,High-Performance",Midsize,Sedan,27,18,3105,75300
car8917,Audi,S6,2017,premium unleaded (required),450.0,8.0,AUTOMATED_MANUAL,all wheel drive,4.0,"Factory Tuner,Luxury,High-Performance",Midsize,Sedan,27,18,3105,70900
car8933,Audi,S7,2016,premium unleaded (required),450.0,8.0,AUTOMATED_MANUAL,all wheel drive,4.0,"Factory Tuner,Luxury,High-Performance",Large,Sedan,27,17,3105,82900
car8935,Audi,S7,2017,premium unleaded (required),450.0,8.0,AUTOMATED_MANUAL,all wheel drive,4.0,"Factory Tuner,Luxury,High-Performance",Large,Sedan,27,17,3105,79900
car8960,GMC,Safari,2003,regular unleaded,190.0,6.0,AUTOMATIC,all wheel drive,3.0,,Large,Passenger Minivan,16,12,549,25690
car8962,GMC,Safari,2004,regular unleaded,190.0,6.0,AUTOMATIC,all wheel drive,3.0,,Large,Passenger Minivan,16,12,549,26195
car8964,GMC,Safari,2005,regular unleaded,190.0,6.0,AUTOMATIC,all wheel drive,3.0,,Large,Passenger Minivan,16,12,549,26430
car9027,GMC,Savana,2015,flex-fuel (unleaded/E85),285.0,8.0,AUTOMATIC,rear wheel drive,3.0,Flex Fuel,Midsize,Passenger Van,17,11,549,34485
car9122,Toyota,Sequoia,2015,regular unleaded,381.0,8.0,AUTOMATIC,rear wheel drive,4.0,,Large,4dr SUV,17,13,2031,44395
car9131,Toyota,Sequoia,2016,flex-fuel (unleaded/E85),381.0,8.0,AUTOMATIC,four wheel drive,4.0,Flex Fuel,Large,4dr SUV,17,13,2031,48550
car9140,Toyota,Sequoia,2017,regular unleaded,381.0,8.0,AUTOMATIC,rear wheel drive,4.0,,Large,4dr SUV,17,13,2031,61990
car9218,Toyota,Sienna,2015,regular unleaded,266.0,6.0,AUTOMATIC,front wheel drive,4.0,,Large,Passenger Minivan,25,18,2031,26595
car9235,Toyota,Sienna,2016,regular unleaded,266.0,6.0,AUTOMATIC,front wheel drive,4.0,,Large,Passenger Minivan,25,18,2031,26745
car9252,Toyota,Sienna,2017,regular unleaded,296.0,6.0,AUTOMATIC,all wheel drive,4.0,,Large,Passenger Minivan,24,18,2031,47310
car9696,Acura,SLX,1997,regular unleaded,190.0,6.0,AUTOMATIC,four wheel drive,4.0,Luxury,Midsize,4dr SUV,17,13,204,2488
car9697,Acura,SLX,1998,regular unleaded,215.0,6.0,AUTOMATIC,four wheel drive,4.0,Luxury,Midsize,4dr SUV,18,13,204,2816
car9698,Acura,SLX,1999,regular unleaded,215.0,6.0,AUTOMATIC,four wheel drive,4.0,Luxury,Midsize,4dr SUV,18,13,204,2934
car9802,GMC,Sonoma,2002,regular unleaded,190.0,6.0,MANUAL,four wheel drive,3.0,,Compact,Extended Cab Pickup,16,12,549,19675
car9811,GMC,Sonoma,2003,flex-fuel (unleaded/E85),120.0,4.0,MANUAL,rear wheel drive,3.0,Flex Fuel,Compact,Extended Cab Pickup,25,19,549,18270
car9951,Audi,SQ5,2015,premium unleaded (required),354.0,6.0,AUTOMATIC,all wheel drive,4.0,"Crossover,Factory Tuner,Luxury,High-Performance",Midsize,4dr SUV,24,17,3105,60200
car9953,Audi,SQ5,2016,premium unleaded (required),354.0,6.0,AUTOMATIC,all wheel drive,4.0,"Crossover,Factory Tuner,Luxury,Performance",Midsize,4dr SUV,24,17,3105,60800
car9955,Audi,SQ5,2017,premium unleaded (required),354.0,6.0,AUTOMATIC,all wheel drive,4.0,"Crossover,Factory Tuner,Luxury,Performance",Midsize,4dr SUV,24,17,3105,53300
car10053,GMC,Suburban,1997,regular unleaded,255.0,8.0,AUTOMATIC,four wheel drive,4.0,,Large,4dr SUV,15,11,549,2585
car10054,GMC,Suburban,1998,regular unleaded,255.0,8.0,AUTOMATIC,rear wheel drive,4.0,,Large,4dr SUV,17,12,549,2790
car10057,GMC,Suburban,1999,regular unleaded,255.0,8.0,AUTOMATIC,rear wheel drive,4.0,,Large,4dr SUV,17,12,549,3372
car10099,Toyota,Supra,1997,regular unleaded,220.0,6.0,MANUAL,rear wheel drive,2.0,Performance,Compact,Coupe,22,16,2031,17320
car10101,Toyota,Supra,1998,regular unleaded,320.0,6.0,MANUAL,rear wheel drive,2.0,Performance,Compact,Coupe,22,15,2031,25279
car10160,Toyota,T100,1997,regular unleaded,190.0,6.0,MANUAL,rear wheel drive,2.0,,Large,Extended Cab Pickup,19,15,2031,2767
car10165,Toyota,T100,1998,regular unleaded,190.0,6.0,MANUAL,rear wheel drive,2.0,,Large,Extended Cab Pickup,19,15,2031,3214
car10184,Toyota,Tacoma,2015,regular unleaded,159.0,4.0,AUTOMATIC,four wheel drive,4.0,,Compact,Extended Cab Pickup,21,18,2031,25700
car10213,Toyota,Tacoma,2016,regular unleaded,278.0,6.0,AUTOMATIC,four wheel drive,4.0,,Compact,Crew Cab Pickup,23,18,2031,34700
car10245,Toyota,Tacoma,2017,regular unleaded,278.0,6.0,AUTOMATIC,rear wheel drive,4.0,,Compact,Crew Cab Pickup,24,19,2031,30190
car10335,Toyota,Tercel,1997,regular unleaded,93.0,4.0,MANUAL,front wheel drive,2.0,,Compact,Coupe,35,28,2031,2000
car10336,Toyota,Tercel,1998,regular unleaded,93.0,4.0,MANUAL,front wheel drive,2.0,,Compact,Coupe,35,27,2031,2148
car10347,GMC,Terrain,2015,regular unleaded,182.0,4.0,AUTOMATIC,all wheel drive,4.0,Crossover,Compact,4dr SUV,29,20,549,31570
car10356,GMC,Terrain,2016,regular unleaded,182.0,4.0,AUTOMATIC,all wheel drive,4.0,Crossover,Compact,4dr SUV,29,20,549,30050
car10365,GMC,Terrain,2017,regular unleaded,182.0,4.0,AUTOMATIC,all wheel drive,4.0,Crossover,Compact,4dr SUV,28,20,549,32670
car10414,Volkswagen,Tiguan,2015,premium unleaded (recommended),200.0,4.0,AUTOMATIC,front wheel drive,4.0,Crossover,Compact,4dr SUV,26,21,873,28250
car10422,Volkswagen,Tiguan,2016,premium unleaded (recommended),200.0,4.0,AUTOMATIC,all wheel drive,4.0,Crossover,Compact,4dr SUV,26,20,873,30675
car10430,Volkswagen,Tiguan,2017,premium unleaded (recommended),200.0,4.0,AUTOMATIC,front wheel drive,4.0,Crossover,Compact,4dr SUV,24,20,873,32605
car10472,Acura,TL,2012,premium unleaded (required),280.0,6.0,AUTOMATIC,front wheel drive,4.0,Luxury,Midsize,Sedan,29,20,204,39435
car10480,Acura,TL,2013,premium unleaded (recommended),280.0,6.0,AUTOMATIC,front wheel drive,4.0,"Luxury,Performance",Midsize,Sedan,29,20,204,37405
car10488,Acura,TL,2014,premium unleaded (recommended),280.0,6.0,AUTOMATIC,front wheel drive,4.0,"Luxury,Performance",Midsize,Sedan,29,20,204,41960
car10495,Acura,TLX,2015,premium unleaded (recommended),290.0,6.0,AUTOMATIC,front wheel drive,4.0,Luxury,Midsize,Sedan,34,21,204,35320
car10502,Acura,TLX,2016,premium unleaded (recommended),206.0,4.0,AUTOMATED_MANUAL,front wheel drive,4.0,Luxury,Midsize,Sedan,35,24,204,31695
car10509,Acura,TLX,2017,premium unleaded (recommended),290.0,6.0,AUTOMATIC,front wheel drive,4.0,Luxury,Midsize,Sedan,34,21,204,35350
car10539,Volkswagen,Touareg,2015,diesel,240.0,6.0,AUTOMATIC,all wheel drive,4.0,"Crossover,Diesel",Midsize,4dr SUV,29,20,873,52245
car10546,Volkswagen,Touareg,2016,diesel,240.0,6.0,AUTOMATIC,all wheel drive,4.0,"Crossover,Diesel",Midsize,4dr SUV,29,21,873,50245
car10549,Volkswagen,Touareg,2017,premium unleaded (recommended),280.0,6.0,AUTOMATIC,all wheel drive,4.0,"Crossover,Performance",Midsize,4dr SUV,23,17,873,60195
car10880,Acura,TSX,2012,premium unleaded (recommended),201.0,4.0,MANUAL,front wheel drive,4.0,Luxury,Midsize,Sedan,29,21,204,31010
car10885,Acura,TSX,2013,premium unleaded (recommended),280.0,6.0,AUTOMATIC,front wheel drive,4.0,"Luxury,Performance",Midsize,Sedan,28,19,204,39150
car10890,Acura,TSX,2014,premium unleaded (recommended),201.0,4.0,AUTOMATIC,front wheel drive,4.0,Luxury,Midsize,Sedan,31,22,204,31635
car10896,Audi,TT,2016,premium unleaded (recommended),220.0,4.0,AUTOMATED_MANUAL,all wheel drive,2.0,Luxury,Compact,Convertible,30,23,3105,46400
car10898,Audi,TT,2017,premium unleaded (recommended),220.0,4.0,AUTOMATED_MANUAL,all wheel drive,2.0,"Luxury,Performance",Compact,Coupe,30,23,3105,43500
car10900,Audi,TTS,2015,premium unleaded (required),265.0,4.0,AUTOMATED_MANUAL,all wheel drive,2.0,"Factory Tuner,Luxury,Performance",Compact,Coupe,31,22,3105,48700
car10901,Audi,TTS,2016,premium unleaded (required),292.0,4.0,AUTOMATED_MANUAL,all wheel drive,2.0,"Factory Tuner,Luxury,Performance",Compact,Coupe,27,23,3105,51900
car10902,Audi,TTS,2017,premium unleaded (required),292.0,4.0,AUTOMATED_MANUAL,all wheel drive,2.0,"Factory Tuner,Luxury,High-Performance",Compact,Coupe,27,23,3105,52500
car10966,Toyota,Tundra,2015,regular unleaded,381.0,8.0,AUTOMATIC,rear wheel drive,4.0,,Large,Extended Cab Pickup,18,13,2031,30340
car11016,Toyota,Tundra,2016,flex-fuel (unleaded/E85),381.0,8.0,AUTOMATIC,four wheel drive,4.0,Flex Fuel,Large,Crew Cab Pickup,17,13,2031,38020
car11066,Toyota,Tundra,2017,flex-fuel (unleaded/E85),381.0,8.0,AUTOMATIC,four wheel drive,4.0,Flex Fuel,Large,Crew Cab Pickup,17,13,2031,50030
car11277,Toyota,Venza,2013,regular unleaded,181.0,4.0,AUTOMATIC,all wheel drive,4.0,Crossover,Midsize,Wagon,26,20,2031,29300
car11287,Toyota,Venza,2014,regular unleaded,181.0,4.0,AUTOMATIC,all wheel drive,4.0,Crossover,Midsize,Wagon,26,20,2031,33260
car11294,Toyota,Venza,2015,regular unleaded,181.0,4.0,AUTOMATIC,all wheel drive,4.0,Crossover,Midsize,Wagon,26,20,2031,30515
car11485,BMW,X1,2015,premium unleaded (required),300.0,6.0,AUTOMATIC,all wheel drive,4.0,"Crossover,Luxury,Performance",Midsize,4dr SUV,27,18,3916,39100
car11486,BMW,X1,2016,premium unleaded (required),228.0,4.0,AUTOMATIC,all wheel drive,4.0,"Crossover,Luxury",Compact,4dr SUV,32,22,3916,34800
car11488,BMW,X1,2017,premium unleaded (required),228.0,4.0,AUTOMATIC,all wheel drive,4.0,"Crossover,Luxury",Compact,4dr SUV,31,22,3916,35100
car11492,BMW,X3,2015,premium unleaded (required),240.0,4.0,AUTOMATIC,rear wheel drive,4.0,"Crossover,Luxury",Midsize,4dr SUV,28,21,3916,38500
car11496,BMW,X3,2016,diesel,180.0,4.0,AUTOMATIC,all wheel drive,4.0,"Crossover,Luxury,Diesel",Midsize,4dr SUV,34,27,3916,42450
car11500,BMW,X3,2017,premium unleaded (required),240.0,4.0,AUTOMATIC,rear wheel drive,4.0,"Crossover,Luxury",Midsize,4dr SUV,28,21,3916,39250
car11502,BMW,X4,2015,premium unleaded (required),300.0,6.0,AUTOMATIC,all wheel drive,4.0,"Crossover,Luxury,Performance",Midsize,4dr SUV,27,19,3916,48000
car11507,BMW,X4,2017,premium unleaded (required),240.0,4.0,AUTOMATIC,all wheel drive,4.0,"Crossover,Luxury",Midsize,4dr SUV,28,20,3916,45550
car11514,BMW,X5,2015,premium unleaded (required),445.0,8.0,AUTOMATIC,all wheel drive,4.0,"Crossover,Luxury,Performance",Midsize,4dr SUV,22,15,3916,70100
car11518,BMW,X5,2016,premium unleaded (required),300.0,6.0,AUTOMATIC,rear wheel drive,4.0,"Crossover,Luxury",Midsize,4dr SUV,25,18,3916,54700
car11522,BMW,X5,2017,premium unleaded (required),445.0,8.0,AUTOMATIC,all wheel drive,4.0,"Crossover,Luxury,Performance",Midsize,4dr SUV,21,15,3916,72300
car11531,BMW,X6,2016,premium unleaded (required),445.0,8.0,AUTOMATIC,all wheel drive,4.0,"Crossover,Luxury,Performance",Midsize,4dr SUV,21,15,3916,75300
car11534,BMW,X6,2017,premium unleaded (required),300.0,6.0,AUTOMATIC,all wheel drive,4.0,"Crossover,Luxury",Midsize,4dr SUV,24,18,3916,63700
car11817,Toyota,Yaris,2015,regular unleaded,106.0,4.0,AUTOMATIC,front wheel drive,4.0,Hatchback,Compact,4dr Hatchback,36,30,2031,17620
car11824,Toyota,Yaris,2016,regular unleaded,106.0,4.0,AUTOMATIC,front wheel drive,4.0,Hatchback,Compact,4dr Hatchback,36,30,2031,15995
car11831,Toyota,Yaris,2017,regular unleaded,106.0,4.0,MANUAL,front wheel drive,4.0,Hatchback,Compact,4dr Hatchback,36,30,2031,17200
car11868,GMC,Yukon,2015,premium unleaded (recommended),420.0,8.0,AUTOMATIC,four wheel drive,4.0,,Large,4dr SUV,21,14,549,67520
car11874,GMC,Yukon,2016,flex-fuel (unleaded/E85),355.0,8.0,AUTOMATIC,four wheel drive,4.0,"Flex Fuel,Performance",Large,4dr SUV,22,16,549,60000
car11880,GMC,Yukon,2017,flex-fuel (unleaded/E85),355.0,8.0,AUTOMATIC,rear wheel drive,4.0,"Flex Fuel,Performance",Large,4dr SUV,23,16,549,48530
car11883,BMW,Z3,2000,regular unleaded,170.0,6.0,MANUAL,rear wheel drive,2.0,"Luxury,Performance",Compact,Convertible,25,17,3916,4755
car11886,BMW,Z3,2001,premium unleaded (required),225.0,6.0,MANUAL,rear wheel drive,2.0,"Hatchback,Luxury,Performance",Compact,2dr Hatchback,26,19,3916,37700
car11889,BMW,Z3,2002,premium unleaded (required),225.0,6.0,MANUAL,rear wheel drive,2.0,"Hatchback,Luxury,Performance",Compact,2dr Hatchback,26,19,3916,37700
car11899,BMW,Z4,2015,premium unleaded (required),335.0,6.0,AUTOMATED_MANUAL,rear wheel drive,2.0,"Luxury,High-Performance",Compact,Convertible,24,17,3916,65800
car11902,BMW,Z4,2016,premium unleaded (required),335.0,6.0,AUTOMATED_MANUAL,rear wheel drive,2.0,"Luxury,High-Performance",Compact,Convertible,24,17,3916,66350
car11903,BMW,Z8,2001,premium unleaded (required),394.0,8.0,MANUAL,rear wheel drive,2.0,"Exotic,Luxury,High-Performance",Compact,Convertible,19,12,3916,128000
car11904,BMW,Z8,2002,premium unleaded (required),394.0,8.0,MANUAL,rear wheel drive,2.0,"Exotic,Luxury,High-Performance",Compact,Convertible,19,12,3916,130000
car11905,BMW,Z8,2003,premium unleaded (required),394.0,8.0,MANUAL,rear wheel drive,2.0,"Exotic,Luxury,High-Performance",Compact,Convertible,19,12,3916,131500
car11908,Acura,ZDX,2011,premium unleaded (required),300.0,6.0,AUTOMATIC,all wheel drive,4.0,"Crossover,Hatchback,Luxury",Midsize,4dr Hatchback,23,16,204,50520
car11911,Acura,ZDX,2012,premium unleaded (required),300.0,6.0,AUTOMATIC,all wheel drive,4.0,"Crossover,Hatchback,Luxury",Midsize,4dr Hatchback,23,16,204,50620
